Product Name,Price,Images
"(RESMI) Samsung Note 20 Ultra Note 20 Bronze Green Black White Grey - NOTE 20 256GB, MYSTIC BRONZE",Rp11.970.000,
Samsung Galaxy A11 3/32 Ram 3GB Internal 32GB Garansi Resmi SEIN - Hitam,Rp1.795.000,
SAMSUNG GALAXY S20 ULTRA RAM 12GB ROM 128GB GARANSI RESMI - Hitam,Rp13.690.000,
"SAMSUNG GALAXY NOTE 20 & NOTE 20 ULTRA 8/256GB 8/512GB FREE BUDS LIVE - NOTE 20, mystic white",Rp11.680.000,
Samsung Galaxy A51 Ram 6/128GB Garansi Resmi SEIN - Putih,Rp4.050.000,
Samsung Galaxy M21 4/64 RAM 4GB ROM 64GB GARANSI RESMI SEIN,Rp2.710.000,
Samsung Galaxy Tab A 8Inch T295 2019 GARANSI RESMI SEIN,Rp1.710.000,
Samsung Galaxy J7 Prime Case Autofocus Invisible Iring TPU Soft Case,Rp30.000,
Samsung Galaxy M11 3GB/32GB Garansi Resmi,Rp1.804.000,
Samsung Galaxy M21 4/64 GB Garansi Resmi SEIN,Rp2.711.000,
Samsung Galaxy A51 6/128 RAM 6GB ROM 128GB GARANSI RESMI SEIN,Rp4.060.000,
Samsung Galaxy A51 Soft Case Matte Armor Colored Froasted Macaron,Rp20.000,
Samsung Galaxy Tab A 8.0 2019 T295 RAM 2GB / ROM 32GB - Garansi Resmi,Rp1.729.000,
Samsung Galaxy A11 3/32 GB Garansi Resmi SEIN,Rp1.804.000,
Case Samsung Galaxy Note 8 Soft Hard TPU HD Transparan Casing Cover,Rp25.000,
